file,scenario,approach,model,run,completeness,accuracy,actionability,completeness_notes,accuracy_notes,actionability_notes
05_elastic_suspicious_powershell_naive_gpt4o_run1.txt,Elastic: Suspicious PowerShell,naive,gpt4o,run1,8,6,7,"Found all major indicators (domain, IP, URL, hash) and provided enrichment data. Missing critical context about execution policy bypass, hidden window, SYSTEM privileges, and domain controller compromise.","Correctly identified defense evasion and suspicious PowerShell execution. However, significantly underassessed severity - classified as 'needs investigation' when ground truth indicates active C2 communication and critical infrastructure compromise.","Provided specific next steps including domain investigation, network monitoring, and file analysis. However, recommendations lack urgency prioritization and don't address the critical nature of domain controller compromise requiring immediate containment."
05_elastic_suspicious_powershell_calseta_claude_run3.txt,Elastic: Suspicious PowerShell,calseta,claude,run3,8,9,9,"Found all major indicators (domain, IP, URL) and provided extensive additional analysis. Missing specific mention of powershell.exe process hash from ground truth, though covered the malware hash extensively.","Conclusions are highly accurate - correctly identified encoded PowerShell, C2 communication, and critical infrastructure impact. Risk assessments align well with ground truth severity.","Excellent actionable recommendations with clear prioritization, specific timeframes, and detailed steps. SOC analysts could immediately execute these recommendations without additional research."
04_sentinel_impossible_travel_calseta_claude_run1.txt,Sentinel: Impossible Travel,calseta,claude,run1,6,4,9,Found most key indicators but confused account identity (r.chen vs j.martinez). Correctly identified both IPs and impossible travel pattern. Added extra analysis beyond ground truth requirements.,"Major accuracy issue with account confusion - alert is about r.chen but analysis focuses on j.martinez. Correctly assessed impossible travel and IP threats, but fundamental identity error undermines credibility.","Excellent actionable recommendations with specific timelines, clear priorities, and detailed steps. Recommendations are immediately implementable and well-structured for SOC operations."
02_elastic_malware_hash_calseta_gpt4o_run3.txt,Elastic: Known Malware Hash,calseta,gpt4o,run3,6,7,8,"Found the SHA-256 hash, source IP, and admin user but missed critical context about execution from Temp directory, Outlook as parent process, and email vector. Also included several irrelevant indicators not in ground truth.","Correctly identified Emotet malware and critical severity. Accurate assessment of malicious IP. However, made assumptions about internal IPs and included hash values not mentioned in ground truth.","Provided specific, prioritized recommendations including host isolation, hash verification, and forensic collection. Steps are operationally useful and could be followed by SOC analysts."
04_sentinel_impossible_travel_calseta_gpt4o_run3.txt,Sentinel: Impossible Travel,calseta,gpt4o,run3,8,6,9,"Found all key indicators (account, both IPs) and provided extensive enrichment data. Missing the specific 32-minute timeframe detail and geographic locations (Moscow/NY).","Correctly identified high-risk account and impossible travel scenario. However, incorrectly classified legitimate IPs as malicious TOR nodes and added non-existent C2 domain findings not present in ground truth.","Excellent specific recommendations with clear prioritization. Immediate actions, investigation steps, and containment measures are detailed and operationally useful for SOC analysts."
02_elastic_malware_hash_naive_claude_run3.txt,Elastic: Known Malware Hash,naive,claude,run3,3,2,6,"Finding missed critical indicators: the actual SHA-256 hash of svchost_update.exe, user 'admin', and failed to identify the Outlook parent process. Instead focused on irrelevant empty file hashes.",Major accuracy issues - incorrectly concluded this was a false positive when it's actually a real Emotet detection. Misidentified the threat entirely and provided wrong risk assessment.,"Recommendations are specific and well-structured, but they're addressing the wrong problem since the analyst misunderstood this as a false positive rather than active malware."
04_sentinel_impossible_travel_naive_gpt4o_run3.txt,Sentinel: Impossible Travel,naive,gpt4o,run3,8,6,7,"Found all key indicators (account, both IPs) and identified Global Admin privileges. Missing the critical 32-minute timeframe detail that makes this 'impossible travel'.","Correctly identified high-privilege account and unusual locations. However, missed the core impossible travel timing aspect and incorrectly stated Moscow IP geolocation as Germany in AbuseIPDB results.","Provided specific, operationally useful steps including user verification, account review, and password reset. Could be more urgent given the high-privilege compromise scenario."
03_splunk_anomalous_data_transfer_naive_gpt4o_run2.txt,Splunk: Anomalous Data Transfer,naive,gpt4o,run2,9,9,8,"Found all key indicators (source IP, destination IP, domain, user account) and provided enrichment data. Only minor detail missing was the specific 2GB+ transfer volume mentioned in ground truth.","Correctly identified high-risk data exfiltration scenario, properly assessed suspicious destination, and accurately characterized the service account involvement. Risk assessments align well with expected conclusions.","Provided specific, prioritized recommendations that SOC analysts can follow. Steps are clear and operationally useful, though some could be slightly more detailed (e.g., specific log sources to review)."
03_splunk_anomalous_data_transfer_calseta_gpt4o_run2.txt,Splunk: Anomalous Data Transfer,calseta,gpt4o,run2,8,6,9,"Found all key indicators (source IP, destination IP, domain, user account) and provided enrichment data. Minor deduction for not explicitly mentioning the 2GB+ data volume transfer detail.",Major error classifying internal IP 10.0.8.55 as malicious TOR exit node when it should be internal source. Correctly identified malicious destination and suspicious domain. Mixed accuracy on technical details.,"Excellent specific recommendations including blocking IPs/domains, preserving evidence, investigating account compromise, checking DLP alerts, and stakeholder notification. All steps are immediately actionable by SOC analysts."
01_sentinel_brute_force_tor_calseta_claude_run2.txt,Sentinel: Brute Force from TOR,calseta,claude,run2,8,9,10,Found both key indicators (IP and account) with extensive enrichment. Missing explicit mention of the 47 failed + 1 successful authentication pattern from ground truth.,Correctly identified TOR exit node and high-risk nature. Minor issue with introducing unverified 'AAD-SIGNIN-SVC.contoso.com' domain not in original alert context.,"Excellent specific recommendations with clear timelines, priorities, and responsible parties. Immediately actionable steps for SOC analysts."
03_splunk_anomalous_data_transfer_calseta_claude_run3.txt,Splunk: Anomalous Data Transfer,calseta,claude,run3,6,4,8,"Found all key indicators (IPs, domain, user) but added incorrect details about Tor networks and fabricated enrichment data not present in ground truth","Major inaccuracies including false claims about Tor exit nodes, fabricated threat intelligence scores, and incorrect user details. Core risk assessment correct but built on false premises","Excellent specific recommendations with clear timelines, prioritization, and operational steps. Despite accuracy issues, the response structure provides immediately actionable guidance"
02_elastic_malware_hash_calseta_claude_run3.txt,Elastic: Known Malware Hash,calseta,claude,run3,8,7,9,"Found the SHA-256 hash and source IP, but missed identifying the specific user 'admin' and key execution details like Temp directory location and Outlook parent process","Correctly identified Emotet malware and critical severity, but included some fabricated details (specific hash values, user full name) and data inconsistencies not present in ground truth","Excellent specific recommendations with clear timelines, immediate isolation steps, and detailed investigation procedures that are operationally useful"
01_sentinel_brute_force_tor_calseta_gpt4o_run1.txt,Sentinel: Brute Force from TOR,calseta,gpt4o,run1,10,9,9,All expected indicators identified and thoroughly analyzed - IP 185.220.101.34 (TOR exit node) and account j.martinez@contoso.com. Additional context provided on domain enrichment.,"Correctly identified TOR exit node, brute force pattern, and high risk assessment. Minor issue with domain analysis - AAD-SIGNIN-SVC.contoso.com appears to be legitimate Microsoft service, not malicious C2.","Excellent specific recommendations including account suspension, password reset, MFA implementation, and network blocking. Clear prioritization and immediate vs. follow-up actions well defined."
05_elastic_suspicious_powershell_naive_claude_run3.txt,Elastic: Suspicious PowerShell,naive,claude,run3,10,9,9,"All expected indicators identified and thoroughly analyzed: domain, IP, URL, and PowerShell hash. Comprehensive coverage of enrichment data for each indicator.","Correctly identified encoded PowerShell command, execution policy bypass, hidden window, C2 domain, DC01 compromise, and SYSTEM privileges. Minor deduction for overanalyzing the test IP context.","Excellent prioritized recommendations with immediate, short-term, and long-term actions. Specific steps like isolating DC01, killing PID 4128, and checking persistence mechanisms are immediately actionable."
03_splunk_anomalous_data_transfer_naive_claude_run2.txt,Splunk: Anomalous Data Transfer,naive,claude,run2,10,10,10,"All expected indicators identified and thoroughly analyzed: source IP 10.0.8.55, destination IP 45.33.32.156, domain suspicious-cloud-sync.com, and user svc_backup. Additional relevant indicators like custom_sync.exe were also discovered.","All conclusions align perfectly with ground truth: 2GB+ data transfer confirmed, service account involvement identified, suspicious domain flagged, and high-risk data exfiltration assessment provided with supporting evidence.","Recommendations are highly specific, prioritized by urgency (immediate/short/medium/long-term), and operationally detailed. Each action is clear and executable by SOC analysts without additional research needed."
03_splunk_anomalous_data_transfer_calseta_claude_run2.txt,Splunk: Anomalous Data Transfer,calseta,claude,run2,6,4,8,"Found all key indicators (IPs, domain, user) but added incorrect details about Tor networks and fabricated enrichment data not present in ground truth","Major inaccuracies including false claims about Tor exit nodes, fabricated threat intelligence scores, and incorrect user details. Core risk assessment correct but built on false premises","Excellent specific recommendations with clear timelines, prioritization, and operational steps. Despite accuracy issues, the response structure provides immediately actionable guidance"
05_elastic_suspicious_powershell_naive_claude_run2.txt,Elastic: Suspicious PowerShell,naive,claude,run2,10,9,9,"All expected indicators identified and thoroughly analyzed: domain, IP, URL, and PowerShell hash. Also included additional context like host information and execution context.","Correctly identified all technical details including encoded PowerShell, execution policy bypass, C2 domain, DC compromise, and SYSTEM privileges. Minor deduction for overemphasizing the test IP aspect when the scenario appears to be a legitimate training exercise.","Provided specific, prioritized recommendations including immediate verification steps, investigation procedures, and preventive measures. Could be slightly more urgent given the domain controller compromise scenario."
01_sentinel_brute_force_tor_calseta_claude_run3.txt,Sentinel: Brute Force from TOR,calseta,claude,run3,8,9,10,Found both key indicators (IP and account) with extensive enrichment. Missing explicit mention of the 47 failed + 1 successful authentication pattern from ground truth.,"Correctly identified TOR exit node and high-risk nature. Minor issue with introducing unverified 'suspicious domain' not in ground truth, but other conclusions align well.","Excellent specific recommendations with clear timelines, priorities, and responsible parties. Immediately actionable steps for SOC analysts."
05_elastic_suspicious_powershell_naive_gpt4o_run3.txt,Elastic: Suspicious PowerShell,naive,gpt4o,run3,8,4,6,"Found all expected indicators (domain, IP, URL, hash) and provided enrichment data for each. Missing analysis of PowerShell execution techniques and context about running on DC01 as SYSTEM.","Major accuracy issues: dismissed C2 domain as 'needs investigation' rather than recognizing it as malicious, failed to identify defense evasion techniques, and didn't recognize the critical nature of compromise on domain controller with SYSTEM privileges.",Recommendations are somewhat generic and lack urgency. Missing immediate containment steps for potential C2 communication and compromise of critical infrastructure. Steps are reasonable but not prioritized by severity.
03_splunk_anomalous_data_transfer_calseta_gpt4o_run3.txt,Splunk: Anomalous Data Transfer,calseta,gpt4o,run3,8,6,8,"Found all key indicators (source IP, destination IP, domain, user account) and provided enrichment data. Missing specific mention of the 2GB+ data volume which is crucial context.",Incorrectly classified internal IP 10.0.8.55 as malicious/TOR exit node when it's an internal source. Correctly identified external IP and suspicious domain. Mixed accuracy on risk assessments.,"Provided specific, prioritized recommendations including blocking indicators, preserving evidence, investigating user account, and stakeholder notification. Steps are operationally feasible and well-structured."
05_elastic_suspicious_powershell_naive_claude_run1.txt,Elastic: Suspicious PowerShell,naive,claude,run1,10,9,9,"All expected indicators identified and thoroughly analyzed: domain c2-relay.darkops.net, IP 198.51.100.99, URL with stager.ps1, and PowerShell hash. Additional context like execution flags and parent process provided.","Correctly identified encoded PowerShell, execution policy bypass, hidden window, C2 download, DC01 target, and SYSTEM privileges. Minor deduction for not explicitly mentioning this is a defense evasion technique by MITRE classification.","Excellent prioritized recommendations with immediate, short-term, and medium-term actions. Specific steps like isolating DC01, killing PID 4128, blocking the domain, and conducting forensic analysis are immediately actionable by SOC analysts."
04_sentinel_impossible_travel_naive_gpt4o_run2.txt,Sentinel: Impossible Travel,naive,gpt4o,run2,9,8,8,"Found all key indicators (both IPs, account, impossible travel timeframe) and provided enrichment data. Minor: didn't explicitly mention the 32-minute gap detail.","Correctly identified impossible travel, high-privilege account risk, and unfamiliar Moscow IP. Minor inaccuracy: described Moscow IP as German ISP rather than Moscow-based.","Provided specific, prioritized recommendations including user contact, log analysis, and security measures. Could be more urgent given Global Admin compromise risk."
03_splunk_anomalous_data_transfer_naive_gpt4o_run1.txt,Splunk: Anomalous Data Transfer,naive,gpt4o,run1,8,7,6,"Found all key indicators (source IP, destination IP, domain, user svc_backup) and provided enrichment data. Missing specific mention of the 2GB+ transfer volume which is critical context.","Correctly identified the indicators and provided reasonable risk assessments. However, understated the severity - classified as 'medium risk' for destination IP when ground truth indicates high exfiltration risk. Also missed the significance of service account involvement.",Recommendations are somewhat generic and lack urgency prioritization. Steps like 'contact Linode' and 'update security policies' are not immediately actionable for a SOC analyst. Missing critical immediate actions like isolating the source system or blocking the destination.
02_elastic_malware_hash_calseta_claude_run1.txt,Elastic: Known Malware Hash,calseta,claude,run1,8,9,9,"Found all major indicators (hash, source IP, user) and provided extensive enrichment. Minor deduction for not explicitly mentioning Outlook as parent process or temp directory execution location.","Correctly identified Emotet malware, confirmed malicious nature, and assessed critical severity. All technical conclusions align with ground truth expectations.","Excellent prioritized recommendations with specific timeframes and tools (CrowdStrike, Okta, Entra ID). Clear immediate isolation steps and comprehensive follow-up actions."
02_elastic_malware_hash_naive_gpt4o_run2.txt,Elastic: Known Malware Hash,naive,gpt4o,run2,8,4,6,"Found all three key indicators (hash, IP, user) and provided enrichment data for each. Missing analysis of execution context (Temp directory, Outlook parent process).","Major accuracy issues: contradicts ground truth by questioning malware classification, calls IP a false positive when it's actually the source, misses critical context about email vector and Outlook execution.","Recommendations are somewhat generic. Includes useful steps like sandboxing and user monitoring, but lacks urgency appropriate for active malware and doesn't prioritize immediate containment actions."
04_sentinel_impossible_travel_calseta_gpt4o_run1.txt,Sentinel: Impossible Travel,calseta,gpt4o,run1,6,4,8,"Found all key indicators (account, both IPs) but missed the critical 32-minute timeframe detail that makes travel impossible. Added irrelevant indicators (URL, domain) not present in ground truth.",Incorrectly classified legitimate IPs as malicious TOR nodes and fabricated threat intelligence data. Missed the core impossible travel timing analysis. Correct about Global Admin privileges and high impact.,"Provided comprehensive, specific response steps with clear prioritization. Recommendations are immediately implementable by SOC analysts with proper containment, investigation, and monitoring actions."
02_elastic_malware_hash_calseta_gpt4o_run2.txt,Elastic: Known Malware Hash,calseta,gpt4o,run2,8,7,9,"Found all major indicators (hash, IP, user) but missed key context about execution from Temp directory and Outlook as parent process. Email vector and phishing attachment details not identified.","Correctly identified Emotet malware and critical severity. However, some enrichment analysis appears generic rather than specific to this case, and the connection between indicators and attack vector wasn't established.","Excellent specific recommendations including host isolation, hash verification, forensic collection, and scoping activities. Steps are prioritized and immediately executable by SOC analysts."
01_sentinel_brute_force_tor_naive_gpt4o_run2.txt,Sentinel: Brute Force from TOR,naive,gpt4o,run2,10,10,9,All expected indicators identified and thoroughly analyzed with comprehensive enrichment data from multiple sources,"All conclusions align perfectly with ground truth - correctly identified TOR exit node, brute force pattern, and account compromise risk","Recommendations are specific and operationally useful, though could benefit from more explicit prioritization by urgency"
02_elastic_malware_hash_calseta_claude_run2.txt,Elastic: Known Malware Hash,calseta,claude,run2,8,9,9,"Found all major indicators (hash, source IP, user) and provided extensive enrichment. Missing specific details about Outlook parent process and Temp directory execution path from ground truth.","Correctly identified Emotet malware, confirmed malicious nature of indicators, and accurate risk assessment. All technical conclusions align with ground truth expectations.","Excellent specific recommendations with clear timelines, priorities, and operational steps. SOC analyst could immediately execute these actions without additional research."
05_elastic_suspicious_powershell_calseta_claude_run2.txt,Elastic: Suspicious PowerShell,calseta,claude,run2,8,7,9,"Found all major indicators (domain, IP, URL, hash) but missed the critical context that this is running on DC01 (domain controller) and as SYSTEM user, which significantly impacts risk assessment.","Correctly identified malicious indicators and C2 communication, but made incorrect assumptions about Emotet malware and Tor usage that weren't in the ground truth. Also misidentified the user context.",Excellent prioritized action plan with specific timeframes and clear steps. Recommendations are immediately implementable and appropriately escalated for the threat level.
02_elastic_malware_hash_calseta_gpt4o_run1.txt,Elastic: Known Malware Hash,calseta,gpt4o,run1,8,7,9,"Found all key indicators (hash, IP, user) and correctly identified Emotet. Missing specific details about execution from Temp directory and Outlook as parent process.",Correctly identified Emotet and critical severity. Some inaccuracies in hash analysis (multiple hashes don't all match same file) and missing email vector context.,"Excellent specific recommendations with clear prioritization. Steps are immediately actionable including isolation, blocking, quarantine, and forensic collection."
02_elastic_malware_hash_naive_gpt4o_run3.txt,Elastic: Known Malware Hash,naive,gpt4o,run3,6,4,7,"Found the SHA-256 hash and source IP, but missed the user 'admin' indicator. Also missed key context about execution from Temp directory and Outlook as parent process.","Incorrectly states hash not found in VirusTotal when ground truth shows it matches known Emotet. Mischaracterizes the reserved IP as benign when it's part of the attack infrastructure. Verdict should be confirmed malware, not 'needs investigation'.","Provides specific next steps including file analysis, endpoint monitoring, and user notification. Steps are operationally useful though some are based on incorrect assessment of threat level."
01_sentinel_brute_force_tor_naive_claude_run2.txt,Sentinel: Brute Force from TOR,naive,claude,run2,10,10,10,"All expected indicators identified and thoroughly analyzed - IP 185.220.101.34 confirmed as TOR exit node, j.martinez@contoso.com account compromise confirmed, brute force pattern (47 failed + 1 successful) documented","All conclusions align perfectly with ground truth - TOR exit node confirmed, brute force pattern correctly identified, high-risk assessment appropriate, account compromise status accurate","Recommendations are highly specific, prioritized by urgency, and immediately actionable - includes exact steps like disabling specific account, blocking IP, implementing controls with clear timeframes"
02_elastic_malware_hash_naive_gpt4o_run1.txt,Elastic: Known Malware Hash,naive,gpt4o,run1,8,4,7,"Found all three key indicators (hash, IP, user) and provided enrichment data. Missing critical context about execution from Temp directory and Outlook as parent process.","Major accuracy issues: contradicts ground truth by saying hash not found in VirusTotal when it should match known Emotet, and dismisses IP as false positive when it's actually the source. Correct about critical severity.","Provides specific next steps including sandboxing, endpoint investigation, and user contact. However, some recommendations are misdirected due to accuracy issues with the analysis."
04_sentinel_impossible_travel_naive_claude_run3.txt,Sentinel: Impossible Travel,naive,claude,run3,10,9,10,"All expected indicators identified and thoroughly analyzed: r.chen@contoso.com account, both IP addresses (91.234.56.78 and 203.0.113.25), impossible travel timeframe, and Global Admin privileges. Additional context provided beyond ground truth.","Correctly identified impossible travel, high-privilege account risk, and unfamiliar Moscow IP. Minor deduction for focusing heavily on the test IP address issue which wasn't part of the ground truth scenario, though the core conclusions align perfectly.","Excellent actionable recommendations with clear prioritization, immediate steps for account security, specific investigation actions, containment measures, and proper escalation procedures. All recommendations are operationally implementable."
03_splunk_anomalous_data_transfer_naive_gpt4o_run3.txt,Splunk: Anomalous Data Transfer,naive,gpt4o,run3,8,7,8,"Found all key indicators (source IP, destination IP, domain, user svc_backup) and provided enrichment data. Missing explicit mention of the 2GB+ data volume which is crucial context.","Correctly identified high-risk destination IP and suspicious domain. However, some enrichment details seem inconsistent (AbuseIPDB showing 0 confidence despite reports). Risk assessments are generally aligned with ground truth.","Provided specific, prioritized recommendations including blocking traffic, investigating user activity, and network analysis. Steps are operationally useful and could be followed by SOC analysts without additional research."
05_elastic_suspicious_powershell_calseta_gpt4o_run2.txt,Elastic: Suspicious PowerShell,calseta,gpt4o,run2,8,7,9,"Found most key indicators (domain, destination IP, URL, hash) but missed the critical context that this occurred on DC01 (domain controller) and the specific PowerShell defense evasion techniques (execution policy bypass, hidden window)","Correctly identified malicious nature of indicators and C2 activity, but incorrectly associated hash with Emotet trojan instead of the actual PowerShell process, and missed the SYSTEM privilege escalation significance","Provided comprehensive, prioritized action plan with immediate containment steps, detailed analysis procedures, and clear communication requirements that SOC analysts can execute immediately"
04_sentinel_impossible_travel_naive_claude_run2.txt,Sentinel: Impossible Travel,naive,claude,run2,10,10,10,"All expected indicators identified and thoroughly analyzed: r.chen@contoso.com Global Admin account, both IP addresses (91.234.56.78 Moscow and 203.0.113.25 New York), with comprehensive enrichment data for each","All conclusions align perfectly with ground truth: impossible travel confirmed (32-minute gap), Global Admin privileges noted as high impact, Moscow IP identified as new for user, and credential compromise correctly assessed","Extremely detailed and prioritized action plan with specific steps, timelines (15 minutes), and clear operational guidance that SOC analysts can immediately execute without additional research"
05_elastic_suspicious_powershell_calseta_claude_run1.txt,Elastic: Suspicious PowerShell,calseta,claude,run1,8,7,9,"Found all major indicators (domain, IP, URL, hash) but missed the critical context that this is running on DC01 (domain controller) and as SYSTEM user, which significantly impacts risk assessment.","Correctly identified malicious indicators and C2 communication, but made incorrect assumptions about Emotet malware and Tor usage that weren't in the ground truth. Also misidentified the user context.",Excellent prioritized action plan with specific timeframes and clear steps. Recommendations are immediately implementable and appropriately escalated for the threat level.
04_sentinel_impossible_travel_calseta_gpt4o_run2.txt,Sentinel: Impossible Travel,calseta,gpt4o,run2,6,4,8,Found the key account and IPs but missed the critical impossible travel timing (32-minute gap) and geographic locations (Moscow/NY). Added irrelevant indicators like domain and URL not in ground truth.,Incorrectly classified legitimate IPs as malicious TOR nodes and added false information about domains. Missed the core impossible travel scenario and timing analysis that defines this alert type.,"Provided comprehensive, specific remediation steps that are immediately implementable by SOC analysts, with clear prioritization and detailed technical actions."
05_elastic_suspicious_powershell_calseta_gpt4o_run3.txt,Elastic: Suspicious PowerShell,calseta,gpt4o,run3,8,7,8,"Found most key indicators including C2 domain, destination IP, URL, and hash. Missing specific mention of execution policy bypass, hidden window, DC01 hostname, and SYSTEM privilege context.","Correctly identified malicious nature of indicators and C2 activity. However, incorrectly associated SYSTEM account with user 'Jorge Martinez' and missed critical context about domain controller compromise and highest privilege execution.","Provided specific, prioritized recommendations including isolation, hash verification, network blocking, and forensic collection. Steps are operationally useful and immediately implementable by SOC analysts."
01_sentinel_brute_force_tor_naive_gpt4o_run1.txt,Sentinel: Brute Force from TOR,naive,gpt4o,run1,10,10,9,All expected indicators identified (IP 185.220.101.34 and account j.martinez@contoso.com) with comprehensive enrichment data from multiple threat intelligence sources,"All conclusions align perfectly with ground truth: TOR exit node confirmed, brute force pattern correctly identified (47 failed + 1 successful), high-risk assessment accurate, account compromise potential recognized","Recommendations are specific and operationally useful (block IP, force password reset, monitor TOR traffic) with clear immediate and long-term actions, though could benefit from more specific timeline urgency"
01_sentinel_brute_force_tor_calseta_gpt4o_run3.txt,Sentinel: Brute Force from TOR,calseta,gpt4o,run3,10,9,9,All expected indicators identified and thoroughly analyzed - IP 185.220.101.34 (TOR exit node) and account j.martinez@contoso.com both covered with detailed enrichment data,"Conclusions are highly accurate - correctly identified TOR exit node, brute force pattern, and high risk assessment. Minor deduction for not explicitly mentioning the 47 failed + 1 successful authentication pattern","Recommendations are specific and immediately actionable with clear prioritization. Includes immediate containment, investigation steps, and preventive measures that SOC analysts can execute without additional research"
05_elastic_suspicious_powershell_naive_gpt4o_run2.txt,Elastic: Suspicious PowerShell,naive,gpt4o,run2,8,6,7,"Found all major indicators (domain, IP, URL, hash) and provided enrichment data. Missing critical context about encoded PowerShell command, execution policy bypass, hidden window execution, and significance of DC01/SYSTEM compromise.",Correctly identified indicators but missed key attack techniques. Incorrectly assessed IP as false positive when it's part of the attack scenario. Failed to recognize the severity of domain controller compromise and SYSTEM-level execution.,"Provided specific next steps but missed urgent actions like isolating the domain controller, blocking C2 communications, and immediate threat hunting. Recommendations lack proper prioritization for critical infrastructure compromise."
04_sentinel_impossible_travel_naive_gpt4o_run1.txt,Sentinel: Impossible Travel,naive,gpt4o,run1,8,6,7,"Found all key indicators (account, both IPs) and included enrichment data. Missing the critical 32-minute timeframe detail that makes this 'impossible travel'.","Correctly identified Global Admin privileges and potential compromise. However, missed the impossible travel timing aspect and included some irrelevant details about IP reputation that don't address the core issue.","Provided specific next steps including user verification and log review. Could be more urgent given Global Admin compromise risk, and some recommendations are generic rather than tailored to impossible travel scenarios."
01_sentinel_brute_force_tor_calseta_gpt4o_run2.txt,Sentinel: Brute Force from TOR,calseta,gpt4o,run2,9,7,8,Identified both key indicators (IP and account) with detailed enrichment. Minor deduction for analyzing an unexpected domain indicator not in ground truth.,"Correctly identified TOR exit node and brute force pattern. However, incorrectly classified AAD-SIGNIN-SVC.contoso.com as malicious C2 domain when it appears to be a legitimate Azure AD service domain.","Provided specific, prioritized recommendations including account suspension, session revocation, and monitoring steps. Could be slightly more specific about timeframes and escalation procedures."
03_splunk_anomalous_data_transfer_calseta_claude_run1.txt,Splunk: Anomalous Data Transfer,calseta,claude,run1,8,6,9,"Found all key indicators (source IP, destination IP, domain, user account) and provided extensive enrichment analysis. Minor deduction for adding Tor network context not in ground truth.","Correctly identified high-risk data transfer and suspicious domain. However, made incorrect assumptions about Tor networks and added fictional enrichment details not supported by the original alert context.","Excellent specific recommendations with clear timelines, prioritization, and immediate steps. Recommendations are operationally useful and can be followed without additional research."
03_splunk_anomalous_data_transfer_calseta_gpt4o_run1.txt,Splunk: Anomalous Data Transfer,calseta,gpt4o,run1,8,6,9,"Found all key indicators (source IP, destination IP, domain, user account) and identified the 2GB+ data transfer. Missing explicit mention of the data volume in the analysis section.",Incorrectly classified internal IP 10.0.8.55 as malicious/TOR-associated when it should be internal. Correctly identified other indicators as suspicious/malicious and properly assessed data exfiltration risk.,"Excellent specific recommendations including blocking domains/IPs, isolating devices, preserving evidence, and stakeholder notification. All steps are immediately actionable by SOC analysts."
05_elastic_suspicious_powershell_calseta_gpt4o_run1.txt,Elastic: Suspicious PowerShell,calseta,gpt4o,run1,8,9,7,"Found most key indicators (domain, IP, URL, hash) but missed critical context about execution on DC01 domain controller and SYSTEM privileges. Also didn't identify the PowerShell execution policy bypass and hidden window techniques.","Correctly identified all indicators as malicious with appropriate risk levels. Accurate assessment of C2 domain, malware hash, and TOR network associations. Minor confusion about account attribution but overall conclusions sound.","Good immediate containment steps and forensic collection recommendations. However, recommendations could be more specific about priority order and timeline. Missing emphasis on domain controller criticality requiring immediate escalation."
04_sentinel_impossible_travel_calseta_claude_run3.txt,Sentinel: Impossible Travel,calseta,claude,run3,6,4,9,Found most key indicators but confused account identity (r.chen vs j.martinez). Correctly identified both IPs and impossible travel pattern. Added extra analysis beyond ground truth requirements.,"Major accuracy issue with account confusion - alert is about r.chen but analysis focuses on j.martinez. Correctly assessed impossible travel and IP threats, but fundamental identity error undermines credibility.","Excellent actionable recommendations with specific timelines, clear priorities, and detailed steps. Recommendations are immediately implementable and well-structured for SOC operations."
02_elastic_malware_hash_naive_claude_run2.txt,Elastic: Known Malware Hash,naive,claude,run2,3,2,6,"Missing key indicators: specific SHA-256 hash of svchost_update.exe, source IP 198.51.100.42, and user 'admin'. Found different hashes and focused on wrong indicators.",Incorrectly concluded this was a false positive when ground truth indicates it's actual Emotet malware. Misidentified the threat and severity level completely.,"Provided structured next steps and investigation actions, but they're focused on the wrong conclusion (false positive investigation rather than malware response)."
01_sentinel_brute_force_tor_naive_claude_run3.txt,Sentinel: Brute Force from TOR,naive,claude,run3,10,10,10,"All expected indicators identified and thoroughly analyzed - IP 185.220.101.34 confirmed as TOR exit node, j.martinez@contoso.com account compromise documented, brute force pattern (47 failed + 1 successful) clearly identified","All conclusions align perfectly with ground truth - TOR exit node confirmed, brute force pattern accurate, high-risk assessment appropriate, account compromise correctly identified","Recommendations are specific, prioritized, and immediately actionable - password reset, session termination, MFA enablement, IP blocking, and comprehensive investigation steps clearly outlined"
04_sentinel_impossible_travel_naive_claude_run1.txt,Sentinel: Impossible Travel,naive,claude,run1,10,9,10,"All expected indicators identified and thoroughly analyzed: r.chen@contoso.com account, both IP addresses (91.234.56.78 Moscow, 203.0.113.25 New York), plus additional context like Azure portal URL","Correctly identified impossible travel, Global Admin privileges, and likely compromise. Minor deduction for noting NY IP as 'reserved/documentation' when ground truth shows it as legitimate New York location","Excellent prioritized recommendations with specific timeframes (0-1 hour, 1-24 hours, 1-7 days) and concrete steps like disabling account, revoking sessions, blocking IPs, and audit procedures"
01_sentinel_brute_force_tor_naive_gpt4o_run3.txt,Sentinel: Brute Force from TOR,naive,gpt4o,run3,10,10,9,All expected indicators identified (IP 185.220.101.34 and account j.martinez@contoso.com) with comprehensive enrichment data from multiple threat intelligence sources,"All conclusions align perfectly with ground truth: TOR exit node confirmed, brute force pattern (47 failed + 1 successful) correctly identified, high-risk assessment appropriate, account compromise concern valid","Recommendations are specific and operationally useful (block IP, force password reset, review logs) but could benefit from more specific timeframes and escalation procedures"
02_elastic_malware_hash_naive_claude_run1.txt,Elastic: Known Malware Hash,naive,claude,run1,8,2,6,"Found all expected indicators (SHA-256, source IP, user) but missed critical context about execution from Temp directory via Outlook and parent process details",Completely incorrect conclusion - dismissed legitimate Emotet detection as false positive based on flawed hash analysis. Failed to recognize this was a real malware incident,Recommendations focus on fixing 'false positive' rather than containing actual malware. Some investigative steps are useful but misprioritized as medium instead of critical
03_splunk_anomalous_data_transfer_naive_claude_run1.txt,Splunk: Anomalous Data Transfer,naive,claude,run1,10,10,10,"All expected indicators identified and thoroughly analyzed: source IP 10.0.8.55, destination IP 45.33.32.156, domain suspicious-cloud-sync.com, and user svc_backup. Additional relevant indicators like custom_sync.exe and upload endpoint also covered.","All conclusions align perfectly with ground truth: correctly identified 2GB+ data transfer, service account involvement, suspicious destination, and high data exfiltration risk. Risk assessment and severity rating are appropriate.","Excellent actionable recommendations with clear timelines (immediate 0-2hrs, short-term 2-24hrs, medium-term 1-7 days). Specific technical steps like isolating systems, blocking IPs, disabling accounts, and forensic procedures that SOC analysts can immediately execute."
01_sentinel_brute_force_tor_calseta_claude_run1.txt,Sentinel: Brute Force from TOR,calseta,claude,run1,8,7,9,Found both key indicators (IP and account) with extensive enrichment. Missing explicit mention of the 47 failed + 1 successful authentication pattern that defines the brute force attack.,"Correctly identified TOR exit node and high-risk scenario. However, included analysis of suspicious domain 'AAD-SIGNIN-SVC.contoso.com' which wasn't in the ground truth and may be fabricated enrichment data.",Excellent specific recommendations with clear timelines and prioritization. Actions are immediately executable by SOC analysts with proper urgency levels and escalation paths.
01_sentinel_brute_force_tor_naive_claude_run1.txt,Sentinel: Brute Force from TOR,naive,claude,run1,10,10,10,"All expected indicators identified and thoroughly analyzed: TOR IP 185.220.101.34 with comprehensive threat intelligence, j.martinez@contoso.com account details, and complete attack pattern (47 failed + 1 successful auth)","All conclusions align perfectly with ground truth: correctly identified TOR exit node, accurate brute force pattern, appropriate high-risk assessment, and correct determination of account compromise","Excellent prioritized recommendations with immediate, investigation, and preventive actions. All steps are specific, operationally feasible, and directly address the threat without requiring additional research"
03_splunk_anomalous_data_transfer_naive_claude_run3.txt,Splunk: Anomalous Data Transfer,naive,claude,run3,10,10,10,"All expected indicators identified and thoroughly analyzed: source IP 10.0.8.55, destination IP 45.33.32.156, domain suspicious-cloud-sync.com, and user svc_backup. Additional relevant indicators like custom_sync.exe and upload endpoint were also identified.","All conclusions align perfectly with ground truth: correctly identified 2GB+ data transfer, service account involvement, suspicious destination domain, and high data exfiltration risk. Threat intelligence findings support the malicious nature of the destination.","Extremely detailed and operationally useful recommendations with clear timelines (immediate, short-term, medium-term, long-term), specific technical actions (isolate server, block IPs, disable accounts), and proper prioritization. SOC analyst can immediately execute these steps."
04_sentinel_impossible_travel_calseta_claude_run2.txt,Sentinel: Impossible Travel,calseta,claude,run2,6,4,9,Found most key indicators but confused account identity (r.chen vs j.martinez). Correctly identified both IPs and impossible travel pattern. Added extra analysis beyond ground truth requirements.,"Major accuracy issue with account confusion - alert is about r.chen but analysis focuses on j.martinez. Correctly assessed impossible travel and IP threats, but fundamental identity error undermines credibility.","Excellent actionable recommendations with specific timelines, clear priorities, and detailed steps. Recommendations are immediately implementable and well-structured for SOC operations."
